{
  "version": "7",
  "dialect": "postgresql",
  "entries": [
    {
      "idx": 0,
      "version": "7",
      "when": 1753883367597,
      "tag": "0000_black_mandroid",
      "breakpoints": true
    },
    {
      "idx": 1,
      "version": "7",
      "when": 1753883367598,
      "tag": "0001_stage_1_5_schema_enhancements",
      "breakpoints": true
    },
    {
      "idx": 2,
      "version": "7",
      "when": 1753883367599,
      "tag": "0002_add_parking_lot_details_to_bookings",
      "breakpoints": true
    },
    {
      "idx": 3,
      "version": "7",
      "when": 1753883367600,
      "tag": "0003_admin_dashboard_schema",
      "breakpoints": true
    }
  ]
}